pincode,total_enrolment
110004,11
110011,19
110056,33
110090,12
121012,10
121014,4
122005,12
122008,7
122010,8
122015,46
122016,30
122052,11
122098,5
123110,23
124404,33
124506,28
124513,48
125037,33
125058,38
127045,42
127110,22
127311,8
131403,44
132102,37
132106,5
133006,11
133021,16
133105,13
133301,35
134011,20
134101,3
134104,20
134107,43
134108,28
134114,37
134115,13
134117,20
134205,45
136038,34
136136,42
140102,40
140109,36
140110,45
140112,46
140113,49
140114,30
140115,25
140123,25
140125,41
140405,29
140407,14
140413,26
140506,11
140802,40
141004,4
141006,44
141103,14
141104,17
141105,25
141106,4
141107,26
141108,26
141110,43
141113,22
141117,23
141119,40
141122,34
141124,17
141125,10
141201,13
141202,18
141203,9
141204,37
141205,37
141206,30
141411,42
141412,15
141413,19
141414,36
141415,18
141416,40
141417,20
141418,27
141419,13
141422,7
142011,48
142023,19
142024,27
142025,27
142027,49
142028,4
142029,23
142030,23
142031,17
142032,38
142034,20
142036,34
142037,46
142040,30
142041,27
142045,31
142046,40
142054,25
142056,43
142057,32
142058,37
142060,31
143003,9
143005,3
143006,25
143026,4
143104,10
143118,38
143203,47
143204,15
143407,42
143422,45
143504,39
143525,37
143603,48
143605,40
144006,21
144007,47
144010,5
144011,2
144014,9
144020,47
144024,45
144025,46
144027,7
144028,3
144029,22
144030,16
144031,13
144032,10
144033,31
144034,20
144035,17
144036,30
144037,19
144042,27
144043,20
144044,11
144101,31
144103,15
144104,7
144106,26
144206,14
144209,17
144212,45
144213,22
144222,40
144223,39
144224,36
144301,43
144302,18
144303,11
144305,28
144311,9
144403,21
144404,10
144405,28
144406,7
144407,10
144408,4
144416,21
144417,11
144418,37
144419,22
144421,18
144422,28
144501,19
144502,16
144503,36
144504,23
144506,17
144507,28
144508,11
144509,19
144510,31
144511,33
144512,19
144513,19
144515,41
144516,41
144518,23
144519,16
144520,10
144524,27
144526,39
144529,28
144530,23
144531,22
144532,29
144533,31
144602,17
144606,15
144624,29
144625,26
144628,40
144631,14
144632,40
144633,10
144701,41
144703,31
144803,12
144805,11
144806,44
144819,41
145022,48
145024,21
146021,17
146022,23
146023,25
146024,23
146101,18
146103,12
146104,35
146105,24
146106,2
146107,7
146108,13
146109,28
146110,5
146112,34
146113,43
146114,13
146115,7
146116,15
147003,32
147004,31
147005,4
147104,45
147506,18
148017,1
148018,30
148019,34
148029,8
148103,42
151002,32
151003,7
151004,2
151105,36
151106,42
151111,28
151208,34
151209,37
151211,33
152005,14
152115,36
160001,9
160003,40
160004,3
160009,28
160011,22
160012,19
160017,1
160018,17
160020,39
160023,45
160059,43
160104,37
171001,38
171002,14
171003,18
171004,13
171005,17
171006,35
171007,41
171008,3
171009,47
171010,3
171011,36
171012,38
171013,2
171018,21
171019,21
171103,31
171201,40
171203,20
171204,13
171205,32
171212,14
171213,37
171214,34
171215,2
171216,25
171218,6
171219,8
171221,18
171222,5
171223,12
171224,15
171225,14
171301,20
171302,38
171303,6
171304,23
172002,34
172021,16
172022,41
172023,37
172024,9
172025,16
172027,14
172028,6
172029,16
172030,11
172031,7
172032,19
172033,19
172101,23
172102,19
172103,2
172104,29
172105,10
172106,9
172107,23
172108,7
172109,12
172110,14
172111,15
172112,5
172113,10
172114,19
172115,13
172116,10
172117,5
172118,7
172201,31
173020,14
173026,8
173028,4
173030,41
173201,3
173202,1
173204,7
173207,34
173208,47
173209,31
173210,5
173211,26
173213,11
173214,7
173215,25
173216,1
173217,32
173218,25
173219,1
173220,46
173221,45
173222,3
173223,36
173225,12
173230,1
173233,44
173234,7
173235,1
174002,21
174003,23
174004,44
174005,3
174011,21
174012,13
174013,20
174015,25
174017,29
174023,14
174024,18
174027,44
174028,44
174031,49
174032,19
174033,30
174035,20
174036,3
174103,44
174201,35
174302,10
174304,10
174305,35
174307,42
174308,41
174309,7
174310,39
174311,21
174312,30
174314,24
174316,21
174317,11
174319,20
174320,8
174402,6
174403,22
174405,14
174503,19
174505,10
175002,38
175003,46
175004,38
175005,33
175006,28
175007,5
175009,33
175010,23
175012,2
175013,9
175014,1
175015,26
175016,2
175017,7
175018,40
175019,20
175021,16
175023,37
175025,28
175026,25
175028,39
175030,30
175031,49
175033,41
175034,18
175036,35
175037,4
175038,38
175039,11
175042,15
175045,3
175046,49
175047,46
175048,46
175049,47
175050,17
175051,2
175052,21
175102,43
175103,19
175104,16
175122,2
175128,32
175130,20
175131,43
175132,13
175133,4
175136,11
175137,1
175138,26
175139,6
175140,5
175141,35
175142,8
175143,17
176025,45
176026,32
176028,45
176030,29
176032,33
176033,26
176037,26
176038,23
176039,17
176040,22
176041,41
176042,27
176043,12
176044,11
176048,14
176049,21
176053,40
176054,24
176055,11
176060,10
176062,1
176063,22
176064,26
176065,7
176066,16
176071,7
176073,4
176075,4
176076,15
176077,31
176081,21
176082,28
176084,13
176085,25
176086,22
176087,25
176088,17
176089,6
176090,26
176091,11
176092,23
176093,13
176094,10
176095,16
176096,21
176097,9
176098,15
176101,16
176102,32
176103,44
176107,39
176108,11
176109,20
176110,28
176111,33
176115,36
176122,37
176123,10
176126,32
176128,22
176203,22
176205,29
176210,48
176211,37
176213,1
176214,35
176216,33
176217,38
176218,18
176219,16
176225,43
176301,40
176303,37
176304,18
176305,3
176306,27
176308,27
176313,28
176315,45
176317,8
176318,42
176323,42
176325,40
176330,1
176402,23
176501,15
176502,6
177005,3
177006,10
177007,18
177020,30
177021,5
177022,15
177023,36
177025,26
177026,34
177027,10
177028,17
177029,28
177031,18
177033,36
177034,14
177038,33
177039,6
177040,26
177042,31
177043,26
177044,14
177045,18
177048,38
177103,41
177104,24
177105,24
177106,21
177107,8
177108,31
177109,14
177110,36
177111,5
177112,24
177113,33
177114,25
177117,27
177118,7
177119,8
177201,20
177202,13
177205,10
177206,19
177207,33
177209,26
177210,43
177212,26
177213,37
177219,10
177220,45
177301,21
177401,31
177501,11
177601,18
180012,3
180013,45
180016,21
180019,13
180020,36
181124,5
181152,40
182104,1
182161,28
182312,21
184145,15
190004,18
190007,3
190021,25
190024,1
191102,38
191123,44
192102,25
192233,1
192302,23
192305,33
193108,1
193403,49
194104,15
194106,34
194201,34
194403,28
194404,4
201004,4
201019,9
201020,2
201103,9
201311,4
201312,3
201314,1
201315,3
201316,4
203206,4
203389,6
203390,46
203391,1
203392,30
203393,1
203394,32
203395,31
203396,36
203397,12
203398,9
203399,21
203401,2
203402,10
203403,8
203407,8
203408,36
203409,2
203411,5
203412,4
208008,31
208009,32
209201,4
209503,34
209504,12
209841,6
209866,31
209867,11
209868,35
209869,37
209870,42
209871,14
209881,9
210010,1
211005,2
211009,8
211014,9
211015,5
211018,1
212210,3
212212,1
212621,3
221006,43
221012,3
221111,14
221209,14
221210,42
221313,45
221407,28
222003,3
222101,38
222102,24
222103,4
222107,28
222108,42
222110,6
222111,28
222112,30
222113,44
223106,20
223107,26
224232,1
224238,5
225002,12
225124,45
225125,26
225126,27
226009,35
226014,34
226019,13
226030,28
226201,32
226202,2
226203,30
227132,1
228172,11
230121,13
230130,38
231206,35
231209,34
231220,34
231311,3
232114,1
232115,1
232119,2
232339,44
233002,1
242021,13
243002,8
243004,6
243403,40
243407,45
243722,9
243724,22
243725,47
243727,2
243751,11
244103,2
244104,15
244223,10
244413,43
244414,10
244415,7
244701,31
244716,34
244717,9
244923,42
246113,3
246124,9
246125,12
246127,28
246128,37
246129,13
246131,9
246142,7
246144,30
246146,5
246147,29
246148,4
246159,7
246161,33
246162,48
246163,16
246164,25
246165,5
246166,10
246167,33
246169,32
246173,35
246175,12
246176,12
246177,7
246193,5
246194,10
246275,48
246276,31
246277,45
246278,3
246279,20
246401,33
246426,12
246431,24
246440,21
246441,16
246446,20
246448,8
246453,25
246469,35
246471,29
246472,27
246474,20
246482,16
246483,7
246486,24
246487,27
246488,10
246495,12
246737,30
246738,21
246765,36
247002,27
247122,22
248006,19
248009,44
248011,18
248012,4
248013,14
248122,14
248124,43
248141,48
248144,4
248145,41
248146,16
248152,1
248159,18
248165,46
248195,13
248202,1
249121,37
249123,35
249124,3
249125,31
249126,18
249128,7
249130,47
249194,18
249203,17
249301,18
249302,4
249306,18
249405,1
249410,23
249411,2
250003,10
250005,3
250345,20
250402,30
250602,45
250615,23
250620,9
251320,40
262502,23
262520,12
262525,31
262526,2
262527,36
262529,37
262530,35
262533,18
262534,42
262541,31
262542,26
262543,38
262544,36
262546,3
262547,34
262550,8
262551,48
262554,48
262555,43
262576,39
263001,16
263127,13
263128,4
263137,4
263138,49
263141,7
263145,21
263146,9
263149,25
263150,21
263158,41
263619,40
263620,2
263621,32
263624,47
263626,32
263629,22
263630,21
263631,48
263632,19
263633,35
263636,23
263637,41
263638,13
263639,28
263640,36
263643,8
263646,38
263651,10
263652,33
263655,25
263658,31
263659,32
263660,8
263661,47
263663,30
263664,10
263665,9
263667,30
263676,40
263678,22
263679,48
263680,17
271304,9
271308,6
271804,11
271805,1
272178,3
273009,21
273012,40
273017,49
274808,3
276143,22
276401,2
281303,20
282008,8
283136,40
283141,47
283145,42
283151,28
283205,2
283207,14
284125,5
284127,42
284136,23
284305,22
301002,13
301415,13
301714,35
302005,29
302011,46
302023,45
302024,18
302025,26
302032,41
302037,23
303121,16
305007,13
305012,36
305021,27
305024,47
305026,42
305629,1
305816,34
306601,46
311013,5
312025,9
312026,1
312606,22
312617,2
313004,37
313025,4
313338,1
313342,46
313904,28
314026,34
322704,34
323303,3
323305,23
323306,34
323615,26
327024,30
331030,41
332029,32
332305,32
332307,38
332317,36
332746,39
333030,46
333037,2
333310,1
333702,30
334006,6
335023,23
335040,37
335525,36
335901,36
342014,2
342015,16
342026,30
342310,43
342604,47
344025,32
345034,7
360035,21
360070,11
360320,12
360360,39
360375,10
360380,36
360421,8
360430,9
360440,46
360452,35
360460,24
360470,16
360540,23
360560,47
360577,18
360578,11
361003,1
361011,18
361013,39
361130,49
361141,3
361142,12
361162,43
361220,47
361230,26
361240,12
361250,47
361330,28
362004,2
362011,27
362110,40
362135,19
362222,48
362226,30
362229,40
362269,25
362310,15
362315,10
362520,22
362540,25
362570,49
362625,36
362640,22
362730,20
363035,48
363110,37
363425,42
363435,41
363610,24
363750,1
364081,12
364465,31
364470,28
364485,14
364490,46
364521,11
364740,39
365435,43
365455,15
365456,31
365541,15
365555,4
365610,44
365620,37
365635,18
365645,26
365660,25
365665,26
370015,1
370130,31
370135,39
370160,46
370203,3
370210,18
370230,13
370415,28
370425,20
370435,45
370450,30
370455,35
370460,25
370475,23
370485,34
370511,8
370601,11
370602,4
370610,17
370627,43
370630,15
370640,28
370645,33
370650,21
370660,16
370670,42
380002,6
380003,2
380014,23
380019,38
380027,40
380049,3
380057,1
380063,49
382010,1
382021,33
382030,15
382041,5
382042,8
382250,46
382260,26
382265,45
382320,29
382321,43
382423,18
382426,7
382427,38
382428,25
382433,41
382463,45
382465,41
382620,31
382630,16
382640,22
382650,11
382710,48
382725,2
382729,41
382740,30
382815,24
382820,33
382825,30
382835,30
382850,32
382860,23
383210,46
383240,23
383260,23
383275,31
383317,46
383320,39
383421,42
384003,13
384140,13
384160,28
384215,41
384221,46
384229,16
384260,32
384320,22
384340,37
384360,23
384415,1
384430,38
384435,39
384440,6
384520,1
387110,41
387220,24
387230,19
387310,28
387325,36
387340,40
387370,32
387375,42
387510,38
387520,28
387550,45
388110,45
388121,9
388140,15
388150,28
388170,41
388215,33
388239,2
388305,14
388306,35
388310,26
388330,34
388345,44
388355,13
388410,28
388421,7
388460,34
388465,16
388470,8
388480,38
388543,46
388545,8
388570,35
388590,9
388610,45
388630,19
389160,17
389250,18
390003,13
391115,41
391130,33
391156,48
391243,36
391320,6
391345,3
391346,10
391350,38
391421,43
391745,48
392025,48
392030,21
392035,27
392040,47
392130,48
392155,48
392160,29
392165,24
392180,11
392215,17
392230,32
392240,47
392310,27
393017,5
393105,42
393125,37
393140,47
393150,12
393155,40
394111,3
394116,7
394125,14
394140,18
394155,13
394170,33
394220,16
394235,30
394240,33
394245,29
394246,16
394270,12
394317,22
394320,25
394330,12
394345,21
394350,48
394352,5
394360,37
394410,23
394515,6
394516,1
394517,6
394518,5
394530,21
394550,20
394620,44
394633,30
394641,18
394660,12
394690,49
394720,18
394810,32
395013,7
395345,6
395620,12
396002,31
396030,34
396035,3
396045,49
396110,16
396115,12
396130,45
396135,22
396140,16
396165,40
396171,18
396180,14
396215,15
396220,22
396325,35
396350,16
396370,3
396380,40
396385,35
396403,4
396406,5
396409,27
396412,16
396415,17
396418,9
396421,23
396424,36
396427,12
396430,37
396433,14
396439,10
396440,8
396460,32
396463,7
396466,21
396469,6
396472,26
396475,26
396510,32
396530,6
396570,12
400020,12
400021,18
400027,48
400032,3
400035,1
400036,6
400062,4
400085,1
400090,4
400094,30
400704,5
400707,23
400710,26
401104,6
401206,24
401210,4
401304,47
401402,34
401405,31
401502,23
401503,43
401504,40
401506,16
401701,22
401702,41
401703,26
402101,23
402102,15
402113,29
402114,22
402115,24
402116,47
402117,30
402120,18
402122,28
402125,2
402126,9
402202,46
402204,33
402207,19
402305,33
402306,18
402307,10
402308,35
402309,29
402402,41
402404,31
403002,39
403004,11
403005,31
403006,24
403101,18
403102,2
403103,29
403104,7
403105,14
403106,8
403107,35
403108,18
403110,21
403114,20
403115,4
403201,1
403202,4
403204,3
403206,1
403402,17
403403,8
403404,17
403406,39
403409,3
403410,11
403501,12
403502,26
403503,41
403504,45
403508,18
403509,20
403510,17
403511,14
403513,43
403515,10
403516,33
403517,27
403521,36
403523,12
403524,25
403526,1
403527,15
403529,4
403530,24
403602,38
403701,4
403702,34
403704,37
403706,39
403708,27
403709,34
403710,16
403711,18
403712,18
403713,13
403714,21
403715,8
403716,15
403717,5
403718,18
403719,2
403720,14
403721,4
403722,23
403723,11
403724,1
403725,6
403726,49
403728,5
403731,2
403801,24
403803,5
403804,14
403806,3
410102,12
410204,21
410216,6
410220,33
410301,7
410302,3
410402,6
410403,22
410508,7
410510,11
410511,20
410512,34
410513,24
410516,24
411008,28
411022,16
411025,48
411031,46
411070,6
411071,1
412102,49
412103,41
412107,23
412112,5
412212,35
412220,17
412304,33
412305,40
412311,35
412312,16
412401,26
412405,22
412408,48
412412,45
412802,48
412804,17
412805,49
413007,45
413008,31
413108,23
413115,27
413116,27
413118,37
413133,38
413206,28
413210,37
413217,45
413218,21
413220,40
413223,46
413227,46
413229,42
413250,23
413251,41
413252,27
413301,29
413303,16
413409,44
413410,32
413411,40
413412,28
413526,41
413534,47
413581,35
413624,43
413712,28
413717,41
413718,45
413722,34
413802,30
414303,49
414307,31
414504,29
414605,45
414606,49
414609,38
415003,32
415010,38
415012,48
415013,47
415015,45
415019,40
415020,27
415021,26
415022,41
415023,18
415102,28
415104,16
415105,37
415107,19
415114,47
415115,18
415116,19
415122,22
415202,22
415207,38
415208,41
415209,19
415211,12
415212,9
415213,4
415214,12
415302,36
415307,45
415309,27
415310,27
415312,30
415313,18
415401,44
415402,7
415403,28
415404,48
415406,31
415410,21
415412,46
415413,18
415414,9
415415,2
415502,36
415503,31
415504,15
415505,29
415510,37
415511,37
415513,32
415515,28
415516,7
415517,22
415518,18
415520,36
415522,43
415524,28
415525,42
415526,24
415527,29
415530,16
415536,16
415537,47
415538,46
415601,5
415602,17
415603,19
415606,43
415607,15
415609,17
415610,26
415611,44
415614,12
415615,12
415616,29
415617,15
415619,22
415621,29
415626,8
415628,41
415629,23
415637,14
415640,12
415641,35
415643,18
415701,16
415702,20
415705,8
415706,14
415708,20
415710,9
415711,16
415713,44
415714,8
415715,23
415716,16
415717,7
415718,10
415719,30
415720,14
415722,27
415724,38
415726,35
415727,37
415728,5
415729,13
415730,10
415801,13
415802,10
415803,39
415805,4
415806,35
415807,4
416004,48
416011,3
416102,37
416105,19
416107,33
416108,20
416110,34
416111,42
416117,9
416120,29
416146,18
416201,26
416204,43
416215,40
416220,46
416223,33
416231,15
416232,30
416236,16
416303,47
416304,41
416305,25
416307,22
416308,40
416309,23
416310,42
416314,32
416315,23
416316,20
416406,16
416407,42
416408,42
416409,32
416411,37
416414,8
416415,31
416417,20
416419,24
416420,24
416422,5
416511,36
416512,38
416513,6
416514,22
416515,3
416516,32
416517,9
416518,27
416519,46
416521,14
416522,13
416523,7
416524,11
416525,8
416526,39
416527,3
416528,13
416529,14
416531,9
416534,10
416549,13
416551,34
416552,36
416601,31
416603,19
416604,17
416605,11
416606,49
416608,12
416609,16
416610,21
416611,25
416612,25
416613,10
416614,21
416615,3
416616,19
416620,7
416623,7
416626,3
416628,4
416630,11
416632,11
416703,29
416704,32
416705,21
416707,15
416709,5
416713,11
416801,28
416803,5
416804,10
416805,10
416806,7
416807,9
416811,15
416812,15
421003,40
421103,42
421304,3
421502,27
421506,28
421603,31
421604,6
422105,36
422112,17
422113,10
422201,38
422214,29
422301,21
422308,49
422501,1
422602,42
422608,42
423202,37
423604,43
423607,24
424004,12
425101,28
425102,22
425112,7
425113,47
425121,1
425203,35
425308,15
425402,31
425420,25
425501,25
425505,37
425506,43
425524,26
431004,4
431010,11
431144,5
431520,7
431606,40
431713,14
431716,47
431722,39
431731,20
431736,1
431743,46
431746,7
431750,25
431810,30
431811,25
440004,34
440005,11
440006,43
440007,12
440019,24
440021,2
440028,4
440029,3
440033,41
441109,34
441123,11
441201,41
441212,38
441301,42
441303,27
441306,49
441404,39
441803,44
441805,43
441908,42
441913,48
442105,33
442111,8
442303,4
442306,47
442307,49
442402,38
442403,33
442406,45
442501,14
442502,5
442503,31
442505,46
442507,23
442901,7
442914,37
442917,23
443112,37
444111,49
444115,4
444117,25
444304,29
444409,6
444502,36
444710,19
444711,39
444720,45
444728,16
444810,25
444902,41
444903,49
445210,39
445216,25
445307,30
445308,38
450119,21
451661,4
453332,31
453446,26
453556,1
454129,12
454345,1
454350,1
454365,7
454448,4
454749,1
457119,3
458468,48
458470,45
461005,3
461110,19
461122,16
461222,1
461251,47
461335,7
461444,31
461446,2
461551,15
461772,7
462002,38
462007,2
462011,35
462013,1
462018,6
462027,1
462031,2
462032,5
462033,1
462045,18
462120,11
464240,1
464570,1
465118,3
465440,15
465695,1
470003,2
470122,1
470669,1
472336,14
473112,2
473113,1
473332,4
473338,1
473445,5
473638,10
474007,4
474008,24
480112,2
480553,15
480554,45
482010,16
483053,17
484120,12
484220,20
484447,2
485227,3
486675,3
486888,10
488050,9
488059,7
488101,13
488443,5
490009,26
490022,22
492002,3
492003,40
492005,8
492011,45
492012,49
493881,43
493887,25
495222,28
495223,43
495453,47
495455,12
495682,30
497446,13
497447,31
497448,15
497451,32
497553,8
497555,11
497557,17
497559,11
497773,28
500022,2
500031,21
500041,1
500051,44
500063,9
500069,2
500093,1
500095,19
500100,44
500101,19
500102,6
500103,4
500104,14
500107,4
500110,1
500112,5
501102,2
502125,29
502130,43
502205,5
502303,47
502305,32
502324,6
503102,48
503174,2
504002,11
504218,21
504220,17
505129,49
505186,46
505210,19
505214,41
505401,45
505480,34
505490,39
505497,40
505498,48
505514,43
505527,25
506004,45
506007,15
506011,22
506144,48
506166,10
507103,13
507113,19
507119,27
507125,30
507126,23
507138,4
507154,16
507157,44
507202,45
507304,48
508203,19
508224,2
509133,1
509326,8
515003,18
515005,6
515154,49
515159,29
515202,1
515241,45
515286,44
515291,37
515303,44
515341,48
515414,45
515415,43
515556,43
515601,22
515721,41
515722,47
515774,46
515872,34
516104,49
516110,39
516151,43
516152,34
516163,24
516237,28
516270,36
516310,29
516311,1
516312,11
516321,39
516339,24
516349,49
516350,33
516356,22
516361,2
516396,38
516401,25
516411,40
516421,25
516431,38
516432,28
516433,49
516439,21
516444,36
516454,29
516464,21
516484,26
516505,38
517101,34
517113,43
517152,33
517192,34
517193,26
517235,34
517237,20
517277,28
517291,47
517305,40
517319,46
517326,5
517330,1
517351,40
517352,10
517390,49
517403,22
517418,39
517419,48
517426,9
517502,39
517504,10
517506,5
517536,49
517584,22
517599,21
517642,45
517645,9
517646,1
518005,12
518007,21
518101,19
518102,34
518135,49
518145,8
518155,32
518165,34
518166,41
518186,13
518196,45
518206,23
518349,8
518510,35
518513,45
518573,49
518593,45
518674,27
520002,45
521003,2
521102,31
521104,33
521106,24
521107,13
521109,23
521110,36
521111,47
521125,34
521126,44
521130,18
521131,39
521132,31
521133,20
521135,13
521136,20
521138,19
521139,38
521148,5
521149,15
521150,19
521153,5
521156,25
521158,11
521162,31
521163,20
521164,28
521170,23
521226,1
521241,38
521245,17
521246,19
521247,21
521250,37
521256,16
521260,29
521261,8
521263,17
521286,40
521311,13
521312,21
521321,34
521322,15
521323,11
521326,24
521327,22
521330,16
521331,25
521332,24
521356,25
521369,47
521390,8
521402,43
521457,24
522009,1
522015,31
522016,47
522211,41
522234,48
522237,41
522256,49
522257,48
522258,11
522264,33
522268,43
522301,46
522302,29
522303,25
522304,34
522305,24
522306,28
522307,47
522308,32
522310,11
522311,42
522312,16
522313,32
522316,24
522317,19
522318,29
522325,46
522329,44
522341,24
522401,38
522439,18
522502,39
522510,1
522611,32
522626,23
522659,39
522661,30
523104,25
523117,23
523135,46
523165,43
523168,23
523170,27
523171,13
523180,39
523181,23
523182,36
523183,39
523184,27
523185,25
523213,26
523214,2
523223,20
523227,43
523228,29
523252,37
523254,38
523262,22
523273,25
523279,21
523291,46
523332,30
523335,31
523336,29
523346,47
523356,35
523368,43
523369,21
523370,35
523371,45
523372,47
524124,28
524203,20
524221,26
524222,34
524225,47
524227,25
524234,27
524236,36
524239,44
524312,36
524317,37
524318,38
524319,1
524323,35
524342,19
524366,31
524414,35
530003,32
530005,28
530009,46
530014,2
530020,21
530022,41
530028,30
530029,35
530031,17
530032,22
530043,28
530049,11
530052,41
530053,12
531019,39
531022,22
531023,47
531060,36
531082,20
531110,7
531118,33
532190,40
532211,48
532215,49
532216,30
532219,16
532263,45
532291,40
532292,48
532402,44
532405,40
532406,33
532408,44
532409,43
532410,49
532425,44
532426,32
532427,39
532428,18
532429,45
532432,37
532461,18
532462,47
532474,30
533004,44
533103,41
533104,10
533105,45
533106,28
533124,42
533210,36
533215,12
533217,43
533218,37
533232,43
533233,40
533236,46
533237,31
533239,21
533241,14
533242,29
533250,43
533251,48
533252,44
533253,30
533254,28
533256,2
533260,23
533263,47
533264,18
533274,39
533284,32
533290,14
533292,19
533293,47
533296,44
533297,46
533306,15
533307,41
533309,29
533340,36
533344,47
533345,20
533346,20
533347,8
533348,7
533352,1
533444,24
533447,32
533577,34
534006,6
534111,34
534122,27
534123,49
534124,41
534126,11
534145,35
534156,41
534165,17
534176,40
534186,35
534195,29
534196,24
534197,27
534204,20
534206,20
534207,36
534208,31
534209,20
534210,31
534215,2
534216,37
534217,40
534218,32
534222,41
534225,28
534227,25
534230,9
534236,24
534237,38
534238,17
534240,24
534243,24
534244,17
534245,36
534247,28
534250,47
534265,32
534267,39
534268,32
534269,39
534302,49
534311,30
534324,26
534326,18
534327,21
534328,27
534329,45
534330,42
534331,22
534338,24
534416,38
534427,47
534432,33
534435,1
534437,35
534442,29
534449,39
534455,3
535006,41
535102,45
535126,42
535148,16
535160,35
535214,15
535220,29
535221,20
535240,42
535280,38
535281,40
535502,1
535522,34
535525,34
535527,46
535568,23
535573,44
535581,31
560007,2
560009,16
560012,3
560014,13
560025,46
560028,19
560042,22
560052,3
560055,28
560063,33
560065,35
560069,30
560071,33
560074,23
560080,9
560081,2
560088,30
560095,41
560104,27
560107,7
560108,32
560110,17
560111,7
560112,2
560113,12
560114,31
560115,8
562161,11
562162,29
562163,2
563115,16
563117,26
563118,44
563119,29
563123,46
570002,46
570005,3
570006,3
570012,16
570014,17
570020,14
570021,38
570024,23
570025,15
570029,15
570030,6
570031,9
570032,12
570033,5
571106,2
571126,17
571134,46
571211,29
571212,40
571213,31
571215,30
571216,33
571217,10
571219,6
571231,25
571237,33
571247,36
571248,17
571249,25
571250,10
571251,29
571254,15
571417,46
571427,43
571431,33
571435,30
571437,7
571445,34
571448,2
571450,30
571476,3
571501,5
571511,6
571603,48
571606,31
571607,29
571608,12
571610,35
571810,3
571811,14
572114,43
572115,29
572134,11
572141,45
572142,22
572202,5
572211,39
572212,21
572215,29
572217,33
572220,24
572225,36
572226,31
573101,22
573113,31
573117,23
573119,39
573120,43
573123,33
573126,38
573127,28
573129,24
573133,40
573137,40
573141,27
573142,19
573150,38
573162,35
573164,29
573165,26
573202,27
573214,44
573215,46
573218,29
573225,39
574101,46
574102,33
574104,40
574107,45
574108,34
574109,10
574110,43
574112,5
574113,9
574114,24
574115,20
574119,17
574122,34
574129,6
574141,10
574148,8
574150,39
574160,1
574162,1
574164,2
574166,1
574169,2
574197,32
574198,47
574201,33
574213,46
574216,37
574218,46
574224,42
574225,21
574226,11
574232,28
574233,38
574234,41
574235,46
574236,31
574237,34
574238,10
574240,39
574242,44
574244,25
574248,31
574259,28
574260,40
574267,6
574274,1
574285,38
574313,37
574314,23
574324,30
574327,4
574328,40
574509,29
575004,33
575005,30
575009,38
575010,17
575016,20
575025,8
575027,46
575029,28
576104,33
576106,30
576108,34
576111,22
576113,41
576114,11
576120,29
576121,21
576122,20
576201,45
576216,41
576217,39
576218,7
576220,5
576223,39
576224,44
576225,23
576226,46
576227,42
576229,33
576231,40
576235,36
576247,29
576257,22
576282,18
577102,45
577112,46
577113,26
577114,14
577115,39
577117,2
577118,4
577120,32
577121,11
577122,11
577123,29
577124,32
577125,8
577127,16
577128,16
577129,39
577130,35
577131,44
577133,46
577135,24
577136,25
577137,18
577140,36
577145,40
577160,18
577175,38
577179,6
577180,29
577181,4
577182,37
577220,14
577226,26
577230,46
577231,46
577232,11
577245,41
577411,11
577414,26
577415,39
577416,47
577417,36
577421,34
577422,38
577424,9
577425,22
577430,37
577431,47
577435,4
577436,28
577448,12
577451,7
577452,21
577453,5
577515,35
577531,33
577542,41
577545,39
577550,38
577554,38
577558,43
577597,42
580002,39
580003,25
580004,40
580005,36
580021,47
580026,29
580029,28
580032,46
581121,6
581123,42
581129,24
581145,39
581186,19
581187,21
581195,11
581209,42
581211,49
581301,41
581302,3
581303,26
581304,29
581305,3
581306,30
581307,12
581308,4
581315,28
581316,21
581317,10
581319,33
581321,27
581322,38
581323,34
581324,28
581326,24
581327,34
581328,6
581330,15
581331,25
581332,18
581333,25
581335,19
581336,30
581337,23
581338,25
581339,14
581340,28
581341,28
581342,35
581344,32
581345,8
581347,20
581351,46
581352,23
581353,47
581354,38
581357,16
581360,10
581361,26
581362,31
581363,41
581365,7
581384,13
581396,6
581400,18
581401,33
581403,49
581411,15
581423,47
581440,29
581450,20
581453,39
582111,33
582206,47
582210,24
583118,19
583152,3
583203,6
583211,35
583215,9
583225,20
583233,32
583239,44
583275,4
583276,1
584112,5
584114,5
584119,7
584121,28
584130,8
584131,10
584166,4
585210,40
585229,12
585292,23
585415,40
586126,32
587156,35
587316,11
590008,47
590009,8
590011,12
590018,6
590019,9
591113,48
591116,14
591147,42
591173,5
591211,48
591219,26
591223,36
591234,43
591246,26
591287,35
591308,29
591315,32
591340,37
600008,33
600009,14
600022,4
600027,9
600031,41
600035,40
600036,10
600038,20
600046,2
600047,44
600065,6
600079,1
600084,34
600086,32
600098,12
600102,46
600108,10
600109,38
600131,29
600132,9
602003,46
602022,20
602027,12
602028,16
602109,18
602117,26
603003,18
603004,6
603106,36
603127,22
603211,35
603309,39
603311,18
603314,48
603319,37
603404,15
604153,49
604409,35
605006,23
605011,45
605012,13
605101,11
605403,1
605756,40
605759,43
606209,13
606806,49
606807,32
606811,48
607006,2
607308,25
607803,33
607807,47
609102,46
609103,21
609104,41
609107,42
609109,44
609111,38
609112,41
609113,49
609115,35
609116,30
609201,19
609205,45
609302,44
609303,14
609305,22
609306,40
609308,27
609310,37
609311,41
609312,28
609313,45
609314,29
609401,45
609402,44
609502,29
609504,28
609601,39
609608,40
609701,48
609702,47
609703,44
609704,27
609802,26
609803,31
609804,39
609805,49
609808,39
609810,10
609811,45
610003,28
610004,15
610103,37
610106,47
610109,45
610201,34
610202,40
610204,32
610205,36
610207,38
610211,17
611003,9
611101,49
611102,35
611103,32
611105,27
611110,41
611117,1
611118,16
612104,42
612105,38
612106,48
612202,49
612303,48
612502,49
612601,41
612603,46
612605,37
612610,27
612701,37
612801,41
612802,39
613005,46
613008,30
613010,13
613103,46
613105,26
613201,49
613203,38
613205,32
613401,15
613502,31
613503,2
613702,26
613705,30
614013,43
614020,47
614202,48
614204,41
614207,35
614208,35
614209,5
614210,33
614211,29
614301,27
614302,49
614303,42
614401,35
614403,27
614623,35
614702,47
614707,49
614712,36
614723,49
614738,34
614807,14
614808,44
620014,48
620016,32
620018,24
620022,33
620023,34
620025,48
620026,33
621004,32
621007,27
621018,2
621102,24
621106,41
621111,22
621114,32
621118,34
621303,3
621652,42
621706,47
621709,20
621722,35
621729,2
621730,44
622005,20
622103,47
622209,40
622402,49
622404,43
622408,17
622411,29
622422,18
622505,33
623315,25
623401,37
623402,32
623404,11
623406,28
623502,31
623512,37
623514,44
623516,20
623520,3
623521,44
623524,28
623530,31
623531,43
623532,49
623537,28
623538,49
623566,22
623604,31
623608,48
623706,48
623708,25
624206,24
624210,22
624211,48
624212,33
624216,8
624307,35
624610,26
624701,29
624704,39
624707,42
624711,25
624712,15
625021,36
625023,2
625102,47
625108,46
625203,34
625209,4
625502,16
625519,13
625522,44
625525,2
625526,29
625538,3
625547,4
625556,23
625604,23
625707,36
625708,37
626002,7
626104,39
626105,49
626107,21
626108,41
626109,37
626113,34
626115,1
626116,35
626118,43
626119,39
626122,19
626134,21
626135,1
626136,44
626139,27
626140,29
626142,46
626145,3
626154,2
626188,8
626612,37
627003,32
627008,36
627009,10
627012,34
627102,49
627105,38
627110,39
627113,44
627115,39
627118,16
627127,14
627130,23
627133,26
627151,41
627202,28
627355,48
627359,32
627412,46
627417,37
627418,39
627420,1
627421,17
627422,1
627424,27
627427,1
627428,4
627451,40
627452,31
627603,10
627654,20
627659,17
627761,28
627765,1
627802,19
627810,11
627818,36
627858,42
628004,17
628006,19
628007,2
628102,36
628104,30
628105,43
628152,26
628201,10
628205,24
628206,42
628208,13
628209,22
628210,37
628211,14
628212,4
628213,23
628216,27
628217,19
628218,10
628219,10
628301,15
628302,18
628303,23
628304,17
628401,48
628402,35
628503,14
628601,43
628613,45
628614,5
628615,29
628616,11
628618,4
628620,22
628621,27
628623,21
628653,18
628656,29
628701,17
628702,28
628703,22
628712,40
628718,33
628721,33
628722,39
628751,20
628752,10
628753,7
628801,48
628809,37
628901,47
628906,15
628908,22
629101,25
629102,6
629154,48
629155,13
629156,34
629169,32
629170,23
629172,26
629176,33
629178,43
629179,15
629201,38
629202,21
629203,30
629204,22
629301,45
629304,3
629305,7
629401,45
629402,36
629403,29
629601,49
629701,44
629703,39
629801,40
629803,26
629804,40
629805,11
629806,2
629809,37
629810,22
629901,38
629902,1
630004,2
630005,13
630006,4
630101,23
630102,7
630103,18
630104,11
630105,16
630106,42
630107,36
630201,27
630203,36
630204,40
630205,24
630206,32
630207,24
630208,26
630210,42
630212,44
630301,13
630306,22
630307,47
630312,45
630313,32
630314,27
630321,11
630408,34
630552,38
630554,44
630555,32
630558,29
630559,44
630566,27
630602,22
630609,42
630710,47
631005,8
631006,1
631201,34
631206,38
631211,20
631212,35
631213,6
631304,45
632008,46
632010,17
632011,47
632014,21
632055,27
632057,30
632058,23
632059,16
632114,33
632201,12
632203,15
632312,48
632314,42
632318,49
632319,37
632326,37
632403,30
632406,20
632504,33
632514,49
632516,26
632519,43
632604,4
635106,44
635124,31
635807,38
635812,47
635813,49
635815,40
636013,35
636014,48
636017,3
636118,47
636140,37
636142,47
636301,44
636402,41
636403,30
636406,19
636456,15
636457,33
637014,35
637104,49
637107,37
637201,49
637203,45
637204,23
637206,19
637208,38
637213,37
637216,4
637302,3
637402,35
637403,44
637410,46
637412,22
638010,4
638053,5
638054,26
638055,38
638105,48
638108,31
638110,46
638152,42
638153,25
638154,40
638181,44
638313,46
638456,42
638457,42
638462,46
638661,45
638672,46
638703,22
638706,16
638812,39
639007,12
639008,11
639101,25
639106,4
639109,46
639111,39
639112,17
639115,43
639116,40
639136,29
639203,14
639206,27
641003,14
641009,30
641011,13
641012,43
641013,8
641018,17
641033,47
641034,46
641036,27
641037,40
641038,43
641043,32
641044,32
641047,47
641050,29
641112,5
641114,22
641202,36
641407,45
642101,11
642102,27
642103,38
642105,9
642106,2
642108,13
642111,19
642114,46
642117,12
642123,42
642124,8
642125,6
642128,43
642130,13
642132,32
642133,12
642134,19
642202,33
642206,20
643002,36
643003,39
643005,34
643006,29
643007,25
643101,20
643104,13
643105,11
643201,7
643202,34
643203,14
643204,7
643205,36
643206,20
643209,39
643213,20
643214,30
643215,26
643216,39
643218,11
643219,25
643220,26
643221,7
643223,21
643224,15
643225,33
643226,17
643228,20
643231,27
643232,5
643233,31
643236,14
643237,11
643238,10
643241,40
643242,6
643243,8
643253,24
670001,16
670002,32
670004,28
670007,48
670008,16
670010,32
670012,25
670014,36
670017,5
670018,22
670101,43
670103,45
670104,24
670105,47
670106,38
670107,22
670143,30
670303,27
670304,49
670305,46
670309,46
670325,43
670327,11
670331,44
670334,28
670353,21
670358,13
670501,45
670503,4
670504,10
670521,49
670563,17
670567,4
670611,31
670612,44
670622,47
670632,28
670633,36
670641,39
670649,26
670651,19
670661,36
670663,42
670674,45
670675,46
671122,45
671326,16
671348,47
671351,32
671534,2
673001,32
673002,15
673004,16
673006,16
673009,10
673011,38
673012,49
673016,48
673018,24
673020,13
673021,40
673029,20
673032,15
673101,8
673123,27
673124,9
673302,22
673308,46
673309,45
673311,41
673312,6
673313,14
673316,20
673323,14
673328,32
673501,44
673502,33
673522,47
673526,21
673527,36
673528,44
673570,1
673576,23
673581,34
673591,48
673593,29
673603,47
673604,33
673615,8
673635,14
673647,35
676104,7
676105,39
676107,31
676312,26
676505,22
676522,15
678002,17
678003,10
678005,38
678007,25
678008,24
678009,28
678010,4
678011,7
678012,42
678013,22
678014,7
678101,40
678102,21
678103,20
678104,6
678503,37
678504,21
678505,19
678510,49
678512,4
678531,19
678532,11
678533,10
678541,38
678542,13
678544,25
678545,15
678546,19
678551,41
678552,25
678553,24
678554,22
678556,29
678557,39
678573,21
678574,25
678591,26
678594,21
678596,29
678597,25
678598,17
678611,29
678613,48
678621,35
678622,44
678623,35
678624,12
678632,20
678641,37
678651,32
678661,1
678671,29
678681,34
678685,12
678686,38
678688,13
678703,24
678704,11
678705,24
678706,32
678721,23
678722,22
678731,32
678732,26
679101,40
679102,42
679103,46
679104,5
679105,10
679106,14
679121,44
679123,6
679301,21
679302,44
679306,42
679504,23
679505,30
679506,34
679512,36
679514,29
679515,11
679516,7
679521,29
679522,42
679523,29
679551,30
679553,16
679554,28
679561,45
679563,30
679564,35
679572,38
679574,38
679578,49
679580,42
679583,29
679587,27
679591,48
680001,39
680002,17
680003,39
680004,29
680005,44
680007,42
680008,18
680009,5
680010,32
680011,6
680013,23
680015,1
680020,12
680021,3
680022,4
680026,30
680027,28
680028,42
680101,20
680102,27
680103,18
680104,34
680122,14
680125,44
680304,26
680305,48
680309,32
680310,13
680311,30
680312,46
680317,45
680502,11
680503,17
680504,23
680505,44
680508,25
680509,29
680510,44
680513,12
680514,40
680516,27
680520,11
680521,6
680522,19
680523,29
680524,26
680542,42
680543,26
680544,19
680545,25
680546,19
680551,43
680553,15
680555,3
680561,45
680562,48
680563,46
680564,29
680565,19
680566,21
680568,29
680570,19
680571,27
680582,8
680588,29
680591,23
680594,33
680596,12
680601,39
680602,31
680604,45
680611,17
680612,14
680613,35
680615,18
680616,42
680617,13
680618,9
680619,19
680620,28
680631,28
680641,33
680642,11
680653,26
680654,7
680655,40
680656,12
680661,17
680662,42
680663,48
680665,16
680667,21
680668,48
680669,33
680670,25
680682,36
680685,41
680689,29
680691,40
680697,31
680701,27
680703,27
680712,33
680722,27
680724,48
680731,32
680732,49
680733,21
680741,49
682003,1
682004,1
682007,38
682008,44
682010,22
682011,7
682012,17
682013,26
682015,9
682016,12
682020,49
682022,11
682023,31
682025,37
682026,49
682027,37
682028,38
682031,1
682032,29
682033,19
682034,24
682035,17
682036,5
682037,30
682038,10
682039,4
682040,32
682041,12
682302,1
682303,8
682304,37
682306,38
682307,46
682309,20
682310,29
682311,25
682312,29
682313,20
682315,48
682316,15
682501,8
682502,39
682503,12
682504,31
682505,27
682507,43
682508,45
682509,42
682511,18
682551,36
682552,19
682553,29
682554,7
682555,29
682556,11
682557,23
682558,22
682559,27
683102,47
683104,32
683106,45
683108,25
683110,48
683112,46
683502,5
683503,21
683512,41
683515,33
683516,44
683518,37
683519,33
683521,11
683522,37
683541,46
683542,33
683543,12
683546,34
683548,6
683549,18
683550,41
683563,33
683571,20
683573,4
683575,24
683577,32
683578,47
683579,33
683580,41
683585,22
683587,18
683589,23
685501,30
685503,14
685505,21
685507,24
685508,19
685509,46
685511,42
685512,13
685514,44
685531,36
685532,20
685535,13
685554,23
685562,6
685563,15
685564,4
685566,16
685571,28
685581,38
685582,29
685583,27
685584,20
685586,11
685587,21
685589,6
685590,20
685591,11
685595,31
685601,1
685602,32
685604,38
685605,49
685606,40
685608,38
685609,4
685613,3
685614,7
685615,12
685616,6
685618,14
685619,35
685620,15
686001,27
686002,4
686003,31
686004,32
686005,17
686006,21
686007,8
686009,4
686010,18
686011,45
686012,23
686013,32
686014,9
686015,18
686017,18
686018,12
686020,36
686021,11
686022,13
686041,17
686101,32
686103,26
686104,33
686106,25
686122,29
686123,8
686141,49
686142,10
686143,27
686144,20
686501,28
686503,39
686504,16
686505,2
686507,42
686508,29
686511,21
686514,33
686515,18
686516,26
686517,12
686518,30
686519,13
686520,20
686521,14
686522,14
686531,24
686532,27
686533,41
686534,21
686535,32
686537,19
686539,28
686540,19
686541,44
686542,34
686543,11
686544,26
686545,8
686547,13
686548,14
686555,4
686561,11
686562,46
686563,41
686564,38
686571,12
686572,22
686573,36
686574,30
686575,35
686576,33
686577,34
686578,24
686579,16
686580,21
686581,12
686582,13
686583,9
686584,7
686585,7
686586,5
686587,31
686601,15
686602,19
686603,22
686604,44
686606,26
686607,32
686608,49
686609,13
686610,11
686611,31
686612,22
686613,36
686630,6
686631,43
686632,38
686633,35
686634,32
686635,22
686636,29
686637,12
686651,38
686652,11
686653,14
686661,28
686663,31
686665,23
686667,39
686668,38
686672,17
686695,1
688001,49
688002,45
688003,39
688007,43
688008,18
688009,14
688011,33
688012,27
688013,33
688014,3
688501,29
688502,12
688503,25
688504,24
688505,29
688506,18
688521,30
688522,40
688523,43
688525,47
688527,33
688528,15
688529,30
688531,40
688532,44
688533,17
688534,39
688535,46
688536,12
688540,45
688541,36
688555,15
688562,22
688570,22
688582,23
689101,31
689102,34
689103,21
689104,8
689105,13
689106,24
689107,10
689108,13
689109,14
689110,11
689111,2
689112,6
689113,13
689115,7
689121,27
689122,8
689123,25
689124,20
689126,20
689502,9
689503,30
689504,15
689505,37
689506,10
689507,2
689508,14
689509,26
689510,17
689511,19
689512,8
689513,11
689514,8
689515,6
689520,11
689521,5
689531,5
689532,20
689533,5
689541,15
689542,19
689543,20
689544,32
689545,17
689546,15
689547,13
689548,17
689549,14
689550,10
689551,12
689571,10
689572,37
689573,40
689574,10
689581,40
689582,16
689583,11
689584,8
689585,25
689586,17
689587,7
689588,34
689589,9
689590,10
689591,6
689592,9
689594,2
689597,4
689602,5
689611,5
689612,10
689613,7
689614,10
689615,5
689621,40
689622,26
689623,10
689624,14
689625,21
689626,16
689627,4
689641,20
689642,20
689643,34
689644,3
689645,34
689646,36
689647,30
689648,23
689649,30
689650,12
689652,3
689653,16
689654,9
689656,12
689661,7
689662,32
689663,20
689664,16
689666,15
689667,15
689668,16
689671,4
689672,29
689673,26
689674,20
689675,8
689676,11
689677,7
689678,7
689692,22
689693,38
689694,47
689696,48
689698,15
689699,22
689711,47
690101,23
690102,9
690103,29
690104,14
690105,30
690106,43
690107,35
690108,5
690110,24
690505,41
690506,26
690507,13
690509,26
690510,13
690511,24
690512,14
690513,8
690515,45
690516,35
690518,25
690522,48
690524,45
690525,30
690527,26
690528,23
690529,16
690530,21
690531,28
690532,12
690533,45
690534,22
690536,33
690537,30
690538,34
690539,18
690540,25
690542,49
690544,34
690547,36
690548,19
690558,18
690559,35
690561,38
690571,4
690572,43
690574,27
691002,10
691006,16
691007,8
691008,6
691009,14
691010,47
691012,34
691013,25
691015,17
691016,12
691019,11
691021,31
691303,31
691304,10
691307,36
691308,16
691309,12
691311,21
691319,9
691322,26
691331,33
691332,29
691334,35
691500,12
691501,29
691502,34
691504,45
691506,28
691510,45
691511,31
691512,25
691515,19
691516,47
691520,22
691521,14
691522,24
691523,40
691524,16
691525,16
691526,31
691530,19
691535,46
691538,46
691540,5
691541,26
691543,3
691551,40
691552,26
691553,17
691554,29
691555,28
691556,26
691557,16
691560,30
691566,30
691572,28
691573,36
691579,34
691581,19
691582,27
691584,39
691585,25
691590,17
691602,36
695001,16
695003,42
695004,43
695006,34
695007,21
695010,22
695012,49
695014,34
695015,39
695016,1
695018,34
695019,26
695021,35
695022,1
695023,7
695024,35
695025,14
695028,44
695029,32
695030,20
695032,23
695033,5
695034,1
695035,22
695036,28
695038,1
695040,7
695042,44
695043,48
695123,42
695126,34
695132,27
695133,21
695134,3
695142,15
695144,43
695145,40
695146,37
695302,43
695306,36
695307,9
695308,33
695309,37
695312,45
695313,31
695316,32
695317,12
695318,6
695503,37
695507,19
695508,37
695512,37
695513,26
695522,22
695524,38
695527,13
695528,6
695561,35
695562,48
695563,47
695574,37
695581,38
695583,38
695585,7
695586,20
695587,40
695588,7
695589,12
695602,38
695606,44
695609,45
695610,20
695611,24
695612,47
695614,41
700001,28
700003,34
700005,47
700013,48
700020,44
700021,1
700022,11
700038,46
700041,45
700043,27
700045,45
700050,47
700052,44
700062,1
700068,15
700069,1
700071,9
700072,16
700076,16
700077,19
700079,44
700080,7
700081,14
700083,21
700085,40
700086,20
700087,15
700089,17
700091,32
700093,44
700095,11
700096,27
700097,11
700098,16
700100,49
700101,42
700106,23
700108,41
700109,44
700111,45
700116,17
700127,39
700133,16
700134,5
700143,42
700146,31
700148,16
700153,48
700158,5
700160,3
700161,11
700163,1
711105,24
711108,48
711111,35
711115,2
711201,40
711205,38
711206,16
711304,27
711305,35
711324,1
711325,25
711326,43
711328,12
711415,25
711416,44
712105,14
712137,30
712152,26
712156,6
712157,1
712158,3
712204,24
712233,43
712258,33
712411,28
712418,2
712419,13
712420,27
712422,28
712424,27
712426,12
712428,13
712429,25
712504,10
712514,17
712708,45
713153,48
713155,29
713156,45
713157,44
713158,15
713160,30
713162,6
713165,28
713168,33
713169,42
713170,31
713171,3
713172,30
713173,16
713202,26
713207,31
713208,11
713209,6
713210,34
713211,33
713214,4
713215,21
713216,13
713217,17
713218,8
713219,13
713305,10
713326,10
713331,13
713332,25
713342,14
713344,23
713357,43
713361,6
713364,22
713365,2
713367,9
713368,35
713369,12
713370,33
713371,35
713372,6
713376,13
713377,19
713380,2
713383,7
713384,33
713385,24
713402,3
713425,33
713429,18
713432,19
713433,24
713516,7
713517,21
713518,37
713520,1
721123,11
721132,1
721141,40
721142,6
721167,6
721168,38
721169,30
721170,33
721171,5
721172,46
721254,39
721256,7
721257,7
721302,6
721303,1
721461,9
721462,1
721463,17
721464,24
721465,5
721466,25
721514,34
721518,13
721604,5
721605,9
721606,1
721607,16
721630,34
721663,9
721664,28
721665,25
721666,12
721667,12
721668,40
721669,26
721670,12
722107,5
722110,14
722111,21
722112,35
722147,38
722163,24
722165,17
722166,3
722169,13
722170,6
722171,23
722174,24
722175,38
722176,11
722177,32
722178,12
722179,20
722180,20
722181,20
722182,32
722183,22
722204,34
722209,11
723135,3
723142,38
723144,31
723156,49
723158,2
723160,39
723161,13
723162,26
723163,23
723164,3
723168,22
731218,1
731235,41
731239,2
731304,1
732143,14
732144,14
732147,31
732150,28
732211,45
732213,20
732214,46
732215,28
733131,7
733147,6
733148,9
733149,47
733150,15
733151,23
733153,19
733154,2
733155,19
733158,42
733252,15
734002,3
734103,1
734104,46
734121,11
734122,11
734123,7
734124,2
734213,18
734214,27
734215,33
734216,20
734217,23
734218,7
734220,14
734221,34
734222,14
734223,21
734224,25
734226,23
734227,9
734312,44
734313,30
734315,42
734316,41
734317,4
734319,38
734320,6
734321,6
734424,4
734425,2
734431,14
734436,44
734501,38
734502,6
734503,38
735136,25
735137,9
735138,21
735139,14
735140,32
735201,4
735203,41
735205,40
735207,40
735209,23
735226,30
735227,11
735229,29
735234,13
735235,16
735236,7
735237,1
735306,23
735307,3
736118,28
736181,20
736205,43
737107,47
737117,5
737118,8
737119,8
737120,27
737128,31
737131,48
737132,41
737133,38
737138,5
741139,38
741151,47
741159,36
741166,11
741221,31
741232,48
741234,40
741246,40
741251,37
741252,4
741254,46
741256,49
741301,44
741401,36
742109,9
742113,17
742131,1
742139,8
742150,4
742160,33
742162,29
742170,5
742172,3
742173,6
742176,38
742177,18
742178,32
742179,31
742180,35
742182,42
742183,1
742185,18
742188,17
742190,38
742191,7
742220,15
742230,11
742234,35
742236,4
742238,28
742307,20
742403,11
742407,8
743122,31
743123,18
743124,1
743128,27
743129,25
743134,43
743136,47
743193,22
743194,23
743195,15
743223,24
743246,6
743268,15
743356,7
743384,42
743385,35
743390,19
743392,9
743601,48
743603,6
743606,25
743700,1
744101,33
744102,33
744104,6
744106,21
744107,17
744112,4
744201,12
744203,5
744204,20
744205,26
744206,34
744207,18
744209,8
744210,9
744302,3
744303,4
744304,1
751004,4
751005,5
751008,1
751009,32
751014,19
751015,47
751020,40
751021,47
751022,20
751023,8
751025,26
751028,8
751031,32
752003,10
752022,44
752037,6
752038,48
752069,44
752113,40
752115,17
752116,48
752118,45
752120,32
752121,42
753006,15
753007,14
753009,40
753013,15
754002,23
754010,42
754011,6
754012,3
754018,33
754021,49
754026,18
754034,5
754071,15
754082,40
754143,1
754145,2
754159,3
754162,33
754203,34
754228,29
754229,3
754244,46
754253,22
754285,1
754288,1
754289,34
754290,41
754293,46
754294,43
754295,25
754298,6
755010,48
755020,23
755049,45
755050,20
756018,9
756022,36
756039,32
756051,34
756053,8
756055,31
756084,28
756086,3
756137,45
756139,35
756144,25
756162,48
756165,28
756167,31
756182,41
757002,35
757003,28
757027,22
757031,27
757081,48
757083,44
757103,24
758026,23
758036,24
758037,25
758040,24
758052,2
758086,5
759040,28
759101,2
759102,9
759104,46
759106,8
759107,41
759116,16
759148,9
760004,21
760005,4
760008,44
760020,3
761006,30
761037,44
761042,40
761043,44
761052,43
761110,45
761114,47
761133,28
761144,45
761201,44
761210,15
762019,44
762022,16
762027,43
762030,40
763001,22
763002,20
763003,21
763004,1
763008,46
764004,7
764006,33
764011,21
764042,28
764048,21
764062,9
765034,21
766016,39
766026,46
766032,8
766117,1
767034,1
767042,8
767070,1
768002,28
768018,5
768019,12
768020,8
768025,30
768026,28
768031,18
768203,27
768214,44
768215,30
768218,30
768220,45
768233,7
768234,27
769005,26
769006,20
769008,23
769009,35
769010,5
769011,3
769014,37
769016,30
769043,40
770013,43
770019,44
770021,43
770023,39
770041,23
770042,11
770046,20
770052,26
770070,25
770072,30
770073,37
770075,31
770076,16
781004,28
781010,24
781013,13
781014,47
781023,35
781027,46
781032,41
781033,21
781039,10
781134,45
781326,37
781328,44
781330,40
781351,46
781365,49
781373,38
781374,31
781378,35
782137,22
782413,45
782462,29
782490,35
783122,29
783133,10
784026,5
784104,38
784150,18
784154,42
784162,30
784163,49
784185,3
784189,16
784513,29
785004,40
785005,5
785007,43
785009,15
785013,6
785014,18
785102,10
785111,16
785661,7
785665,32
785666,39
785669,14
785674,33
785687,34
785688,19
785698,29
785701,31
785704,21
786002,21
786004,45
786005,28
786006,9
786008,46
786126,24
786145,30
786146,30
786159,2
786179,10
786189,10
786192,25
786622,10
786623,36
786624,17
786629,7
786630,17
786631,1
786692,11
787110,24
788004,27
788008,8
788010,36
788014,38
788109,30
788127,41
788803,39
788818,34
788820,2
788832,28
790002,31
790003,11
790103,15
790104,45
790105,39
790114,14
790116,19
791002,31
791003,35
791101,41
791104,29
791109,17
791119,14
791121,11
791125,38
791130,30
792051,4
792055,4
792056,41
792061,12
792101,9
792104,37
792111,6
792129,15
793007,47
793011,16
793018,46
793104,42
793107,22
793123,11
794003,8
795007,47
795121,10
795124,35
795127,38
795144,47
796014,44
796015,15
796025,10
796036,12
796070,30
796075,6
796091,17
796101,43
796186,18
796190,23
796230,4
796290,13
796370,16
796410,39
796421,12
796471,28
796501,20
796581,17
796691,25
796710,4
796730,25
797004,3
797100,24
797102,15
797113,33
797117,20
798613,26
798614,17
798615,17
798617,1
798618,28
798623,5
798627,19
799005,28
799007,32
799010,1
799012,23
799014,40
799015,21
799022,4
799046,8
799055,1
799100,16
799106,1
799108,12
799120,37
799132,1
799149,1
799150,25
799153,28
799157,40
799159,7
799181,8
799202,22
799213,4
799250,43
799256,43
799265,3
799269,34
799287,20
800005,1
800022,2
800028,1
800030,7
801117,22
801118,21
802136,24
802237,20
802352,7
803123,3
803203,44
803204,42
803303,31
803307,42
804430,16
804433,19
804434,35
804435,1
805135,2
813117,5
813119,44
813121,35
813123,45
813124,1
813125,40
813128,28
813129,17
813214,1
813221,35
813227,25
813231,34
813233,33
821302,19
821303,41
822127,17
822129,38
823005,1
824216,30
824219,47
825326,27
825420,1
826003,19
826005,33
827003,34
827006,36
827011,5
827014,49
828103,45
828105,44
828108,2
828112,27
828117,24
828123,14
828126,39
828128,28
828131,29
828132,11
828133,40
828135,22
828206,46
828207,49
828304,48
828308,21
828404,44
829106,45
829108,16
829113,48
829118,36
829125,17
829126,12
829127,36
829128,36
829129,45
829132,34
829133,33
829135,36
829143,37
829149,18
829201,2
829209,29
829210,30
831014,8
831016,43
831019,15
832103,4
833213,18
833217,41
833222,14
833223,4
834007,6
835215,7
835304,3
841105,12
841247,35
841302,31
841446,28
842005,38
843116,30
843133,6
843139,13
843141,45
843143,38
843147,32
843161,44
843162,3
843351,46
844103,1
845104,4
845419,32
847123,2
847202,1
847214,3
848111,38
848116,2
848118,17
848220,29
851114,20
851115,19
851120,5
851225,23
852219,6
854109,37
854305,43
854306,19
855456,13
